Epic,Story ID,Issue Type,Summary,Description,Acceptance Criteria,Priority,Status,Story Points,Labels,Component,Notes
ONBOARDING,HUDDL-001,Epic,User Onboarding & Registration Flow,"Complete multi-step onboarding flow for new users registering on Huddl Connect.","All onboarding steps are navigable in sequence; user data is persisted via OnboardingDataService; completion navigates to home.",High,Done,21,onboarding;auth,Onboarding,"Delivered – screens: splash_screen | onboarding_carousel_screen | name_input_screen | parent_type_screen | stage_of_life_screen | postcode_screen | due_date_screen | child_info_screen | phone_number_screen | password_screen | verification_screen | welcome_complete_screen | add_photo_screen | about_you_screen"
ONBOARDING,HUDDL-002,Story,Splash Screen with Brand Animation,"Animated splash screen that checks auth state and routes user to onboarding or home.","Splash displays Huddl logo; checks Firebase auth; routes to /onboarding if unauthenticated or /home if authenticated.",High,Done,3,onboarding;branding,Onboarding,lib/screens/onboarding/splash_screen.dart – SplashScreen class
ONBOARDING,HUDDL-003,Story,Onboarding Carousel / Value Proposition Screens,"3-page swipeable carousel introducing Huddl's core value propositions (Groups, Meetups, Marketplace).","3 carousel pages display; user can swipe or tap next; Get Started button on last page routes to /name_input.",High,Done,3,onboarding,Onboarding,lib/screens/onboarding/onboarding_carousel_screen.dart – OnboardingCarouselScreen
ONBOARDING,HUDDL-004,Story,Name Input Screen,"Collects user's first and last name during onboarding.","Text fields for first/last name; validation prevents empty submission; data saved to OnboardingDataService; progress bar shown.",High,Done,2,onboarding,Onboarding,lib/screens/onboarding/name_input_screen.dart – NameInputScreen
ONBOARDING,HUDDL-005,Story,Parent Type Selection Screen,"Allows user to select their parenting situation (e.g. Expecting, New Parent, Toddler Parent, etc.).","Multiple parent-type options rendered as selectable cards; selection saves to OnboardingDataService; Next button enabled on selection.",High,Done,3,onboarding,Onboarding,lib/screens/onboarding/parent_type_screen.dart – ParentTypeScreen
ONBOARDING,HUDDL-006,Story,Stage of Life Screen,"Captures user's life stage to personalise content and group suggestions.","Stage of life options displayed; user selects one; selection persisted; routing continues to postcode.",High,Done,2,onboarding,Onboarding,lib/screens/onboarding/stage_of_life_screen.dart – StageOfLifeScreen
ONBOARDING,HUDDL-007,Story,Postcode Entry Screen with Borough Resolution,"User enters UK postcode; system resolves borough automatically using PostcodeService.","Postcode field with UK format validation; PostcodeService resolves to borough on submission; error shown for invalid/unrecognised postcodes; borough saved.",High,Done,5,onboarding;hyperlocal,Onboarding,lib/screens/onboarding/postcode_screen.dart – PostcodeScreen; lib/services/postcode_service.dart – PostcodeService
ONBOARDING,HUDDL-008,Story,Due Date Entry Screen (Expecting Parents),"Date picker screen for expecting parents to enter due date.","Date picker displayed; selected date saved; only shown when parent_type = expecting.",Medium,Done,2,onboarding,Onboarding,lib/screens/onboarding/due_date_screen.dart – DueDateScreen
ONBOARDING,HUDDL-009,Story,Child Information Screen,"Captures name(s) and date(s) of birth for existing children.","Add child form with name + DOB; multiple children supported; data stored in OnboardingDataService.",High,Done,3,onboarding,Onboarding,lib/screens/onboarding/child_info_screen.dart – ChildInfoScreen
ONBOARDING,HUDDL-010,Story,Phone Number Screen with Country Code,"Collects user phone number for OTP verification with country code selector.","Country code dropdown (defaulting to +44 GB); phone number field; format validation; OTP triggered on submit.",High,Done,3,onboarding;auth,Onboarding,lib/screens/onboarding/phone_number_screen.dart – PhoneNumberScreen
ONBOARDING,HUDDL-011,Story,Password Creation Screen,"User creates a password during onboarding.","Password field with strength indicator; confirmation field; validation for minimum requirements; saved securely.",High,Done,2,onboarding;auth,Onboarding,lib/screens/onboarding/password_screen.dart – PasswordScreen
ONBOARDING,HUDDL-012,Story,OTP Verification Screen,"6-digit OTP entry screen for phone verification.","OTP input with auto-advance; resend capability after timeout; expiry handling; routes to welcome_complete on success.",High,Done,5,onboarding;auth,Onboarding,lib/screens/onboarding/verification_screen.dart – VerificationScreen; OTPService
ONBOARDING,HUDDL-013,Story,Welcome Complete Screen,"Final onboarding screen confirming setup and routing to main app.","Celebration UI shown; default groups auto-joined via DefaultGroupService; routes to /home.",High,Done,2,onboarding,Onboarding,lib/screens/onboarding/welcome_complete_screen.dart – WelcomeCompleteScreen
ONBOARDING,HUDDL-014,Story,Profile Photo Upload Screen,"User uploads a profile photo during onboarding.","Camera and gallery options offered; image cropping via ImageCropper; photo saved to Firebase Storage; preview shown.",High,Done,3,onboarding;media,Onboarding,lib/screens/onboarding/add_photo_screen.dart – AddPhotoScreen
ONBOARDING,HUDDL-015,Story,About You Screen,"Captures additional profile information (bio, interests) during onboarding.","Text fields for bio; interests selector; data saved to OnboardingDataService and Firestore user profile.",Medium,Done,2,onboarding,Onboarding,lib/screens/onboarding/about_you_screen.dart – AboutYouScreen
ONBOARDING,HUDDL-016,Story,Not Available Screen,"Shown when user's borough is not yet supported by Huddl.","Informative message explaining service area; email/waitlist capture; no further onboarding shown.",Medium,Done,2,onboarding;geo,Onboarding,lib/screens/onboarding/not_available_screen.dart – NotAvailableScreen
ONBOARDING,HUDDL-017,Story,Onboarding Progress Bar Widget,"Visual progress indicator displayed across all onboarding screens.","Progress bar updates correctly at each step; step count correct; consistent styling across screens.",Medium,Done,1,onboarding;ui,Onboarding,lib/widgets/onboarding_progress_bar.dart – OnboardingProgressBar
AUTH,HUDDL-018,Epic,Authentication (Login & Session Management),"Login, OTP re-authentication, and session persistence for returning users.","Users can log in; sessions persist across app restarts; OTP re-auth flow works.",High,Done,13,auth;firebase,Auth,Delivered
AUTH,HUDDL-019,Story,Login Screen with Email/Password,"Returning user login screen with email and password fields.","Email + password fields; validation; Firebase Auth integration via FirebaseAuthService; error messages for invalid credentials.",High,Done,5,auth;firebase,Auth,lib/screens/auth/login_screen.dart – LoginScreen; lib/services/firebase_auth_service.dart
AUTH,HUDDL-020,Story,Login OTP Screen,"OTP verification step during login for additional security.","6-digit OTP entry; auto-advance between digits; OTPService verifies; session established on success.",High,Done,3,auth,Auth,lib/screens/auth/login_otp_screen.dart – LoginOtpScreen
AUTH,HUDDL-021,Story,OTP Service – SMS Code Generation & Verification,"Backend-style OTP generation and verification logic (client-side; production requires Twilio/Vonage integration).","OTP generated as 6-digit random code; 5-minute expiry enforced; max 3 attempts per number; rate limiting.",High,Done,5,auth;backend,Auth,"lib/services/otp_service.dart – OTPService. NOTE: TODO in code – replace with real SMS API (Twilio/Vonage) for production."
AUTH,HUDDL-022,Story,Firebase Auth Service,"Wrapper around Firebase Authentication SDK for sign-in, sign-out, and user state management.","signIn/signOut methods work; auth state stream exposed; error handling for all Firebase auth exceptions.",High,Done,3,auth;firebase,Auth,lib/services/firebase_auth_service.dart – FirebaseAuthService
AUTH,HUDDL-023,Story,Biometric Authentication for Chat Tab,"Optional fingerprint/Face ID lock on the Messages tab for privacy.","Toggle in Profile → Security; biometric prompt shown on Messages tab access; falls back to device PIN; BiometricAuthService persists preference.",Medium,Done,3,auth;security;p3,Auth,lib/services/biometric_auth_service.dart – BiometricAuthService; local_auth package
HOME,HUDDL-024,Epic,Home Feed – Invisible AI Smart Feed,"Unified AI-powered home feed replacing legacy multi-section layout.","Smart feed displays ranked items; AI nudges integrated; announcements shown; feed preferences configurable.",High,Done,21,home;ai;feed,Home,lib/screens/home/home_screen.dart – HomeScreen (Invisible AI Redesign)
HOME,HUDDL-025,Story,Unified Smart Feed with AI Ranking,"Merges announcements, community feed items, and AI nudges into a single ranked list.","_SmartFeedItem list built by _buildSmartFeed(); AI feed service influences ranking; stagger animation on load.",High,Done,8,home;ai;feed,Home,lib/screens/home/home_screen.dart – _SmartFeedItem; lib/services/ai_feed_service.dart – AiFeedService
HOME,HUDDL-026,Story,Announcements Feed from AnnouncementService,"Community announcements displayed in home feed with like/comment interactions.","Announcements loaded from AnnouncementService; like/unlike works; comment count shown; announcement detail expandable.",High,Done,5,home;feed,Home,lib/services/announcement_service.dart – AnnouncementService; Announcement model
HOME,HUDDL-027,Story,Community Feed Integration,"FeedItem stream from CommunityFeedService displayed in home feed.","Feed items loaded via CommunityFeedService; item types (groups/events/marketplace) rendered differently; pull-to-refresh.",High,Done,5,home;feed,Home,lib/services/community_feed_service.dart – CommunityFeedService
HOME,HUDDL-028,Story,AI Feed Preferences (User Controls),"User can toggle feed categories on/off (groups, events, marketplace, announcements).","Feed preference toggles accessible from home screen; preferences persisted; feed rebuilds immediately on change.",Medium,Done,3,home;ai;feed,Home,lib/screens/home/home_screen.dart – _feedPrefs map; feed_preferences_v1 storage key
HOME,HUDDL-029,Story,AI Feedback (Thumbs Up/Down on Feed Items),"User can rate feed items to train the AI ranking engine.","Thumbs up/down icons on feed cards; interaction recorded to AiLearningEngineService; subtle visual feedback.",Medium,Done,3,home;ai;feedback,Home,lib/screens/home/home_screen.dart – AI feedback tracking
HOME,HUDDL-030,Story,Daily AI Refresh Cycle Integration (Step 14),"Home screen triggers DailyAiRefreshService on load if refresh is due.","Daily refresh triggered once per day; Steps 1-6 execute in background; feed updated post-refresh.",Medium,Done,5,home;ai;background,Home,lib/services/daily_ai_refresh_service.dart – DAILY AI REFRESH CYCLE V4; Steps 1-6
HOME,HUDDL-031,Story,Borough-Scoped Feed Enforcement,"Home feed respects borough scope so users only see content from their borough.","BoroughScopeGuard applied to feed data fetches; cross-borough content blocked; borough badge displayed.",High,Done,3,home;hyperlocal;borough,Home,lib/services/borough_scope_guard.dart – BoroughScopeGuard; lib/widgets/borough_badge.dart
HOME,HUDDL-032,Story,AI Learning Maturity Indicator,"Visual indicator showing how mature the AI personalisation is for the user.","Maturity widget displays on home; progresses through stages as user interacts; tooltip explains what it means.",Low,Done,2,home;ai;ux,Home,lib/widgets/learning_maturity_indicator.dart – LearningMaturityIndicator
HOME,HUDDL-033,Story,User Journey Map Screen,"In-app visualisation of parenting journey personas with stages, pain points, and emotional arc.","Journey map screen navigable from home; persona switcher; timeline of stages; pain points listed.",Low,Done,5,home;ux;design,Home,lib/screens/home/journey_map_screen.dart – JourneyMapScreen; lib/models/user_journey_map.dart
GROUPS,HUDDL-034,Epic,Groups & Community Chat,"Full-featured group chat and community management system.","Groups loadable, joinable, chateable; DMs work; all sub-features functional.",High,Done,89,groups;chat;community,Groups,Delivered across 13 screen files and 10 service files
GROUPS,HUDDL-035,Story,Groups Screen – My Groups / Discover Tabs,"Main groups hub with My Groups and Discover tabs plus DMs section.","My Groups tab shows joined groups; Discover tab shows available groups; DMs section lists direct message conversations; tabs switch correctly.",High,Done,8,groups;chat,Groups,lib/screens/groups/groups_screen.dart – GroupsScreen; DiscoverGroupsTab
GROUPS,HUDDL-036,Story,Group Chat Screen – Core Messaging,"Real-time group chat with text messaging, timestamps, and sender identification.","Messages displayed in chronological order; text messages sendable; sender name/avatar shown; timestamps displayed; Firestore real-time updates via FirestoreService.streamGroupMessages().",High,Done,13,groups;chat;realtime,Groups,lib/screens/groups/group_chat_screen.dart – GroupChatScreen; lib/services/firestore_service.dart
GROUPS,HUDDL-037,Story,Emoji Reactions on Messages,"Users can react to messages with emoji.","Long-press or tap reaction icon shows EmojiReactionPicker; reaction saved to gc_reactions_* storage; reaction counts displayed on messages.",Medium,Done,5,groups;chat;reactions,Groups,lib/widgets/emoji_reaction_picker.dart – EmojiReactionDisplay; lib/screens/groups/group_chat_screen.dart reaction state
GROUPS,HUDDL-038,Story,Thread Replies on Group Messages,"Users can start or join a thread on any message.","Tap 'Reply in thread' shows ThreadReplyScreen; thread message count badge shown on root message; all thread replies stored separately.",Medium,Done,8,groups;chat;threads,Groups,lib/screens/groups/thread_reply_screen.dart – ThreadReplyScreen; thread_replies_* storage
GROUPS,HUDDL-039,Story,Message Forwarding Between Groups and DMs,"Users can forward a message to another group or DM.","Forward icon on message actions; ForwardMessageSheet opens with group/DM selector; forwarded message shows original content with attribution card.",Medium,Done,5,groups;chat;forward,Groups,lib/screens/groups/forward_message_sheet.dart – ForwardMessageSheet; lib/widgets/group_invite_card.dart
GROUPS,HUDDL-040,Story,Media Attachment in Group Chat (Images/Documents),"Users can send images and documents in group chat.","Attachment bottom sheet opens; image picker or file picker shown; image/document uploaded to Firebase Storage; document bubble rendered for files.",High,Done,8,groups;chat;media,Groups,lib/services/media_attach_service.dart – MediaAttachService; lib/widgets/attach_bottom_sheet.dart; lib/widgets/document_bubble.dart
GROUPS,HUDDL-041,Story,Polls in Group Chat,"Create and vote on polls within a group chat.","+ menu in chat has 'Create Poll' option; CreatePollScreen allows question + options; poll displayed in chat; voting updates results in real-time; pinned polls shown at top.",High,Done,8,groups;chat;polls,Groups,lib/screens/groups/create_poll_screen.dart; lib/screens/groups/poll_detail_screen.dart; lib/screens/groups/group_polls_screen.dart; lib/services/poll_service.dart
GROUPS,HUDDL-042,Story,In-chat Message Search,"Search messages within a group chat by keyword.","Search icon in chat app bar activates search; results highlighted in chat; navigation between matches; clears on exit.",Medium,Done,3,groups;chat;search,Groups,lib/screens/groups/group_chat_screen.dart – _isSearching; _searchController; _searchMatches
GROUPS,HUDDL-043,Story,Pin/Unpin Group Chat or Group,"Users can pin/unpin groups to the top of their groups list.","Long-press or action on group shows pin option; pinned groups appear at top of My Groups list; persisted in huddl_pinned_ids.",Medium,Done,3,groups;chat;pin,Groups,lib/screens/groups/group_chat_screen.dart pin state; huddl_pinned_ids storage
GROUPS,HUDDL-044,Story,Mute/Unmute Group Chat,"Users can mute notifications for a group chat.","Mute option in group actions; muted groups show mute icon; push notifications suppressed for muted groups; persisted in huddl_muted_ids.",Medium,Done,3,groups;chat;notifications,Groups,lib/screens/groups/group_chat_screen.dart mute state; huddl_muted_ids storage
GROUPS,HUDDL-045,Story,Block User in Group Chat,"Users can block other users from interacting with them.","Block option on message long-press; BlockService persists block; blocked user's messages hidden; blocked_users_v1 storage.",High,Done,5,groups;chat;safety;moderation,Groups,lib/services/block_service.dart – BlockService; lib/screens/groups/group_chat_screen.dart block integration
GROUPS,HUDDL-046,Story,Saved Messages for Group,"Users can save individual messages within a group chat.","Bookmark icon on messages; SavedMessageService stores saved messages; Saved Messages screen shows all saved items.",Medium,Done,5,groups;chat;saved,Groups,lib/screens/groups/saved_messages_for_group_screen.dart; lib/services/saved_message_service.dart; saved_messages_v1 storage
GROUPS,HUDDL-047,Story,Group Details Screen,"View group info, members, description, and admin actions.","Group name/description/image shown; member count; member list preview; join/leave action; admin controls if applicable.",High,Done,5,groups,Groups,lib/screens/groups/group_details_screen.dart – GroupDetailsScreen
GROUPS,HUDDL-048,Story,Group Members Screen,"Full list of group members with profile details.","All group members listed; avatar + name shown; member count badge; real data loaded from Firestore (no hardcoded names).",High,Done,3,groups,Groups,lib/screens/groups/group_members_screen.dart – GroupMembersScreen (dummy data removed)
GROUPS,HUDDL-049,Story,Create Group Screen,"Users can create a new community group.","Form with name, description, category, image upload; group created in Firestore via FirestoreService.createGroup(); creator auto-joined.",High,Done,5,groups,Groups,lib/screens/groups/create_group_screen.dart – CreateGroupScreen
GROUPS,HUDDL-050,Story,Group Invitations System,"Users can invite others to join a group; recipients can accept or decline.","Invite option in group actions; GroupInvitation created via InvitationService; pending invitations shown in Groups screen; accept/decline actions.",Medium,Done,5,groups;invitations,Groups,lib/services/invitation_service.dart – InvitationService; GroupInvitation model; group_invitations_v1 storage
GROUPS,HUDDL-051,Story,Image Gallery Picker for Group Media,"In-app image gallery for viewing and selecting group media.","Gallery shows all media shared in group; images displayed in grid; tap to view full-screen; sharing capability.",Medium,Done,3,groups;media,Groups,lib/screens/groups/image_gallery_picker.dart – ImageGalleryPicker
GROUPS,HUDDL-052,Story,Direct Messages (DM) Chat Screen,"One-to-one private messaging between users.","DM conversation opens on contact tap; real-time message delivery via RealtimeDMService; read receipts; emoji reactions; typing indicator.",High,Done,8,groups;dm;chat,Groups,lib/screens/groups/dm_chat_screen.dart – DMChatScreen; lib/services/dm_service.dart; lib/services/realtime_dm_service.dart
GROUPS,HUDDL-053,Story,New DM Screen – Contact Selector,"Start a new direct message by selecting a user from contacts/members.","Contact list shown; search by name; NewDMScreen; DM conversation created via DMService; real phone numbers not hardcoded.",High,Done,3,groups;dm,Groups,lib/screens/groups/new_dm_screen.dart – NewDMScreen (dummy phone numbers removed in cecfc1a)
GROUPS,HUDDL-054,Story,Default Group Auto-Join on Registration,"New users are automatically added to appropriate default groups based on borough and parent type.","DefaultGroupService joins new users to community groups matching their postcode/borough and parent stage on welcome_complete.",High,Done,5,groups;onboarding,Groups,lib/services/default_group_service.dart – DefaultGroupService
GROUPS,HUDDL-055,Story,Group Prepopulation Service (Step 11),"AI-driven pre-population of community group content based on borough and parent stage.","GroupPrepopulationService generates contextual starter content for new groups; Step 11 in AI pipeline; daily refresh cycle Step 5.",Medium,Done,8,groups;ai;prepopulation,Groups,lib/services/group_prepopulation_service.dart – GROUP PREPOPULATION SERVICE
GROUPS,HUDDL-056,Story,Message Search Service – Real Messages Only,"Cross-group message search returning results from actual messages only (no demo data).","MessageSearchService.searchAll() searches real group and DM messages; no demo message injection; results include group/DM source.",Medium,Done,5,groups;chat;search,Groups,lib/services/message_search_service.dart (dummy data removed in cecfc1a)
GROUPS,HUDDL-057,Story,AI Chat Summariser Service (Step 3),"Summarises long group chat threads using Gemini AI.","AiChatSummariserService produces bullet-point summary of recent messages; summary shown in chat header or on request; GeminiSystemPromptBuilder used.",Medium,Done,5,groups;chat;ai,Groups,lib/services/ai_chat_summariser_service.dart – Step 3
GROUPS,HUDDL-058,Story,Messages AI Service,"AI-powered message suggestions and insights within chat.","MessagesAiService provides contextual reply suggestions; integrated with Gemini; respects borough context.",Medium,Done,3,groups;chat;ai,Groups,lib/services/messages_ai_service.dart – MessagesAiService
GROUPS,HUDDL-059,Story,AI Discover Sheet for Groups,"AI-assisted group discovery based on user interests and location.","DiscoverAiService powers group recommendations on Discover tab; suggestions personalised to borough and parenting stage.",Medium,Done,3,groups;ai;discover,Groups,lib/services/discover_ai_service.dart; lib/widgets/discover_ai_sheet.dart
GROUPS,HUDDL-060,Story,Brand Illustration Empty States Across Groups Screens,"Replace default Material icons with Huddl brand illustrations for all empty-state views.","HuddlEmptyState widget used in Groups (Messages, Discover, Saved tabs); correct illustration asset per context; consistent brand feel.",Medium,Done,3,groups;ui;branding,Groups,lib/widgets/common/huddl_empty_state.dart – HuddlEmptyState; HuddlIllustration (commit f7b537a)
EVENTS,HUDDL-061,Epic,Events & Meetups (Discover Screen),"Event discovery, RSVP, and local meetup creation.","Users can browse events/meetups; RSVP; create meetups; see upcoming schedule.",High,Done,34,events;meetups;discover,Events,Delivered across 5 screen files and 4 service files
EVENTS,HUDDL-062,Story,Discover Screen with 3 Tabs (Groups/Meetups/Events),"Main discover hub combining Groups, Meetups, and Events in a tabbed interface.","3 tabs render correctly; tab switching works; FAB context-sensitive (create meetup on Meetups tab).",High,Done,5,events;discover,Events,lib/screens/events/events_screen.dart – EventsScreen (DISCOVER SCREEN)
EVENTS,HUDDL-063,Story,Meetup Listing and Discovery,"Browse user-created local meetups in borough.","Meetups loaded from MeetupService; filtered by borough via BoroughScopeGuard; cards show title/location/date/attendee count.",High,Done,5,events;meetups;hyperlocal,Events,lib/services/meetup_service.dart – MeetupService; BoroughScopeGuard applied
EVENTS,HUDDL-064,Story,Create Meetup Screen,"Users can create a new local meetup event.","Form with title, description, date/time, location (map), max attendees, image; meetup saved via MeetupService; AI pre-fill available.",High,Done,8,events;meetups;create,Events,lib/screens/events/create_meetup_screen.dart – CreateMeetupScreen
EVENTS,HUDDL-065,Story,Meetup Detail Screen,"View full meetup details, attendees, and RSVP.","Full meetup info shown; attendee list; RSVP (Going/Not Going); share capability; organiser shown.",High,Done,5,events;meetups,Events,lib/screens/events/meetup_detail_screen.dart – MeetupDetailScreen
EVENTS,HUDDL-066,Story,I'm Going Tab – Upcoming RSVPs,"Dedicated tab showing all events and meetups the user has RSVP'd to.","Going meetups and events shown sorted by date ascending; reminders for each; empty state when none.",High,Done,3,events;rsvp,Events,lib/screens/events/events_screen.dart – ImGoingTab; _EventsScreenState._goingMeetups/_goingEvents
EVENTS,HUDDL-067,Story,National Events Listing (UK-wide),"Browse UK-wide events (not borough-restricted) – the only cross-borough feature.","Events from EventService displayed; no borough filter applied; events searchable/filterable by date/type.",High,Done,5,events;uk-wide,Events,lib/services/event_service.dart – EventService; HuddlFeature.events excluded from borough scope
EVENTS,HUDDL-068,Story,Create Event Screen,"Organisers can create formal events (beyond meetups).","Form with all event fields; image upload; event saved via EventService; event appears in Events tab.",Medium,Done,5,events;create,Events,lib/screens/events/create_event_screen.dart – CreateEventScreen
EVENTS,HUDDL-069,Story,Event Detail Screen,"Full event details view with RSVP and sharing.","Event info, speakers/organiser, RSVP button, share, add to calendar (Android Intent.ACTION_INSERT); fake attendees replaced with real RSVP count.",High,Done,5,events;detail,Events,lib/screens/events/event_detail_screen.dart – EventDetailScreen (dummy attendees removed)
EVENTS,HUDDL-070,Story,AI Event Discovery Service (Step 4),"AI recommends events based on user profile, interests, and borough.","AiEventDiscoveryService generates event suggestions; Step 4 in daily AI refresh; recommendations personalised per learning engine.",Medium,Done,5,events;ai,Events,lib/services/ai_event_discovery_service.dart – AiEventDiscoveryService
EVENTS,HUDDL-071,Story,AI Event Recommender Service (Step 4),"Scores and ranks events for the user using AI.","AiEventRecommenderService.scoreEvents() ranks by relevance; ScoredEvent model with MatchReason; results fed back to home feed.",Medium,Done,5,events;ai,Events,lib/services/ai_event_recommender_service.dart – ScoredEvent; MatchReason
EVENTS,HUDDL-072,Story,Meetup AI Service,"AI-assisted meetup suggestions and scheduling.","MeetupAiService provides meetup recommendations; integrates with Gemini; borough-aware.",Medium,Done,3,events;meetups;ai,Events,lib/services/meetup_ai_service.dart – MeetupAiService
EVENTS,HUDDL-073,Story,Meetup Prepopulation Service (Step 12),"AI pre-populates meetup suggestions for new boroughs.","MeetupPrepopulationService generates contextual meetups; Step 12 in AI pipeline; Step 6 in daily refresh.",Medium,Done,5,events;ai;prepopulation,Events,lib/services/meetup_prepopulation_service.dart – MEETUP PREPOPULATION SERVICE
EVENTS,HUDDL-074,Story,Brand Illustrations on Events Empty States,"Events empty-state views use HuddlIllustration brand assets instead of default icons.","Meetups empty: layout.png; I'm Going empty: onboarding_two_people_illustration.png; Events filter empty: same.",Medium,Done,2,events;ui;branding,Events,commit f7b537a – events_screen.dart HuddlEmptyState
MARKETPLACE,HUDDL-075,Epic,Marketplace – Buy/Sell/Rehome,"Hyperlocal baby and parent goods marketplace with AI-powered listing and pricing.","Users can list items; browse listings; save items; AI pricing/descriptions available.",High,Done,34,marketplace;rehome;ai,Marketplace,"Delivered across marketplace_screen | item_detail_screen | create_listing_screen + services"
MARKETPLACE,HUDDL-076,Story,Marketplace Screen – Buy/Sell/Saved Tabs,"Main marketplace hub with Browse, Sell, and Saved tabs.","3 tabs functional; Browse tab shows active listings; Sell tab shows user's listings; Saved tab shows bookmarked items; AI engine influences rankings.",High,Done,8,marketplace,Marketplace,lib/screens/marketplace/marketplace_screen.dart – MarketplaceScreen; _InvisibleAiEngine
MARKETPLACE,HUDDL-077,Story,Create Listing Screen (Rehome),"Sellers create a listing with title, description, price, category, images.","Multi-field form; image upload (up to 5 images); category selection; AgeStage selector; AI can pre-fill description/price via AiListingService.",High,Done,8,marketplace;create;ai,Marketplace,lib/screens/rehome/create_listing_screen.dart – CreateListingScreen; lib/services/rehome_service.dart
MARKETPLACE,HUDDL-078,Story,Item Detail Screen,"Full listing detail view with seller info, images, description, and contact.","All listing fields shown; image carousel; seller avatar/name; contact seller button; share listing; saved/unsaved toggle.",High,Done,5,marketplace,Marketplace,lib/screens/marketplace/item_detail_screen.dart – ItemDetailScreen
MARKETPLACE,HUDDL-079,Story,AI Listing Generator Sheet (Step 8),"AI generates marketplace listing title, description, and suggested price.","AiListingGeneratorSheet opens from create listing; Gemini generates content; user can accept/edit; safety recall check integrated.",High,Done,5,marketplace;ai,Marketplace,lib/screens/ai/ai_listing_generator_sheet.dart; lib/services/ai_listing_service.dart – Step 8
MARKETPLACE,HUDDL-080,Story,AI Invisible Engine – Personalised Ranking,"Marketplace items ranked by user behaviour (views, saves, dismissals).","_InvisibleAiEngine records views/saves/dismissals; rankItems() sorts by affinity score; category preference inferred.",Medium,Done,5,marketplace;ai;personalisation,Marketplace,lib/screens/marketplace/marketplace_screen.dart – _InvisibleAiEngine class
MARKETPLACE,HUDDL-081,Story,AI Listing Service – Safety Recall Checks (Step 8),"AI checks listed items against safety recall database before publishing.","AiListingService.checkSafetyRecalls() queries AiKnowledgeBaseService; warning shown if recall found; listing blocked or warned.",High,Done,3,marketplace;ai;safety,Marketplace,lib/services/ai_listing_service.dart – Step 8 safety check
MARKETPLACE,HUDDL-082,Story,Borough-Scoped Marketplace Listings,"Listings are only visible to users in the same borough.","BoroughScopeGuard applied to listing fetches; cross-borough listings not shown; seller location borough-aware.",High,Done,3,marketplace;hyperlocal;borough,Marketplace,lib/services/marketplace via BoroughScopeGuard
MARKETPLACE,HUDDL-083,Story,Marketplace Brand Illustrations for Empty States,"Empty-state views in marketplace use Huddl brand illustrations.","Buy empty: not_available_illustration.png; Sell empty: same; Saved empty: Group_3603.png.",Medium,Done,2,marketplace;ui;branding,Marketplace,commit f7b537a – marketplace_screen.dart HuddlEmptyState
MARKETPLACE,HUDDL-084,Story,Rehome Service (Listings Data Layer),"Data layer for all marketplace listing CRUD operations.","RehomeService handles create/read/update/delete of listings; Firebase Storage for images; Firestore for listing data.",High,Done,5,marketplace;data,Marketplace,lib/services/rehome_service.dart – RehomeService
AI,HUDDL-085,Epic,AI Parent Concierge – Invisible AI System (Steps 1-14),"Full AI pipeline powering personalised parenting support, content, and recommendations.","All 14 AI pipeline steps function; daily refresh cycle runs; Gemini integration stable; borough context applied.",High,Done,55,ai;gemini;personalisation,AI,14-step pipeline spanning 12 services
AI,HUDDL-086,Story,AI Knowledge Base Service (Step 1),"Curated parenting knowledge base including NHS milestones, vaccinations, safety recalls, seasonal tips, local venues, and community templates.","KnowledgeArticle, DevelopmentMilestone, VaccinationItem, SafetyRecall, SeasonalTip, LocalVenue models populated; borough-specific content served.",High,Done,13,ai;knowledge,AI,lib/services/ai_knowledge_base_service.dart – AiKnowledgeBaseService; Step 1
AI,HUDDL-087,Story,AI Learning Engine Service (Step 2),"Tracks user signals (views, likes, shares, purchases) to build a personalised interest profile.","UserSignal, TopicAffinity, TimePattern, ContentFormatPreference models; UserLearningProfile built; influences all AI ranking.",High,Done,8,ai;learning;personalisation,AI,lib/services/ai_learning_engine_service.dart – AiLearningEngineService; Step 2
AI,HUDDL-088,Story,Gemini System Prompt Builder (Step 3),"Assembles contextual system prompts for Gemini using knowledge base + learning engine.","GeminiSystemPromptBuilder.build() injects borough context, user profile, and knowledge snippets into Gemini system prompt.",High,Done,5,ai;gemini,AI,lib/services/gemini_system_prompt_builder.dart – Step 1 + Step 2 combined
AI,HUDDL-089,Story,AI Copilot Screen & Service (Step 3),"Conversational AI assistant for parenting questions, powered by Gemini.","AiCopilotScreen shows chat interface; AiCopilotService handles message round-trips; history maintained in session; quick actions shown.",High,Done,8,ai;copilot;gemini,AI,lib/screens/ai/ai_copilot_screen.dart; lib/services/ai_copilot_service.dart – Step 3
AI,HUDDL-090,Story,AI Matchmaker Service & Sheet (Step 9),"AI suggests parent-to-parent matches for friendship/playdates based on shared interests and children's ages.","AiMatchmakerService.suggestMeetups() returns SuggestedMeetup list; AiMatchmakerSheet shows matches; learning engine affinity used.",Medium,Done,5,ai;matchmaker;social,AI,lib/screens/ai/ai_matchmaker_sheet.dart; lib/services/ai_matchmaker_service.dart – Step 9
AI,HUDDL-091,Story,AI Feed Service – Smart Feed Nudges (Step 7),"Generates typed feed nudge cards: vaccination reminders, seasonal activities, dad-specific content, knowledge nudges.","NudgeCard types: vaccinationReminder, seasonalActivity, dadSpecific, knowledgeNudge; RankedFeedItem with priority score; injected into home feed.",High,Done,8,ai;feed;nudges,AI,lib/services/ai_feed_service.dart – AiFeedService; Step 7; NudgeCard types
AI,HUDDL-092,Story,AI Offers Service – Smart Deal Recommendations (Step 10),"AI recommends relevant deals and coupons based on child age, interests, and learning engine.","AiDealRecommendation, AiCouponInsight, AiSeasonalSpotlight models; age-based scoring; RevGlue integration for affiliate deals.",Medium,Done,5,ai;offers;deals,AI,lib/services/ai_offers_service.dart – AiOffersService; Step 10; lib/services/revglue_service.dart
AI,HUDDL-093,Story,Daily AI Refresh Service (Steps 1-6 + 13),"Orchestrates daily background refresh of all AI subsystems.","DailyAiRefreshService runs once per day; Steps 1-6 executed in order; Step 13 GDPR borough data; refresh timestamp stored.",High,Done,8,ai;background;refresh,AI,lib/services/daily_ai_refresh_service.dart – DAILY AI REFRESH CYCLE V4; Steps 1-6; Step 13
AI,HUDDL-094,Story,Invisible AI Service,"Meta-service coordinating all AI signals transparently without user-visible prompts.","InvisibleAiService coordinates signals from learning engine, feed, matchmaker; no UI prompts; context passed to Gemini system prompt.",Medium,Done,5,ai;invisible,AI,lib/services/invisible_ai_service.dart – InvisibleAiService
AI,HUDDL-095,Story,Borough AI Context Service,"Provides borough-specific AI context (demographics, popular topics, local venues) to AI pipeline.","BoroughAiContext assembled per borough; fed into GeminiSystemPromptBuilder; refreshed daily.",High,Done,5,ai;borough;context,AI,lib/services/borough_ai_context.dart – BoroughAiContext
AI,HUDDL-096,Story,AI API Helper,"Shared HTTP wrapper for all Gemini API calls with retry logic and error handling.","AiApiHelper handles auth headers; rate limiting; retry on 429/5xx; returns structured responses; logs errors.",High,Done,3,ai;api,AI,lib/services/ai_api_helper.dart – AiApiHelper
AI,HUDDL-097,Story,AI Assistant Bottom Sheet (Home Feed Entry),"Tap-to-expand AI assistant entry point on home screen for progressive disclosure.","Sparkle/wand icon on home feed; taps open ai_assistant_sheet.dart bottom sheet; AI context pre-loaded.",Medium,Done,3,ai;ux;home,AI,lib/widgets/ai_assistant_sheet.dart – AiAssistantSheet
AI,HUDDL-098,Story,Vertex AI Configuration,"Google Vertex AI config for enterprise-grade Gemini access.","vertex_ai_config.dart correctly configures project/region; used as alternative to direct Gemini API when needed.",Medium,Done,2,ai;config;vertexai,AI,lib/config/vertex_ai_config.dart – VertexAiConfig; lib/config/gemini_config.dart – GeminiConfig
SUBSCRIPTION,HUDDL-099,Epic,Subscription & Monetisation,"Three-tier freemium subscription model (Explorer/Neighbourhood/Inner Circle) with in-app purchase on mobile and Stripe on web.","Users can view plans, subscribe, manage subscription, and restore purchases.",High,Done,21,subscription;payments;iap,Subscription,Delivered – 3 screens + 2 services
SUBSCRIPTION,HUDDL-100,Story,Subscription Plans Screen,"Displays the 3 subscription tiers with features and pricing.","Explorer (free), Neighbourhood (£5.99/mo or £49.99/yr), Inner Circle (£11.99/mo or £99.99/yr) shown; monthly/annual toggle; CTA per tier.",High,Done,5,subscription;ui,Subscription,lib/screens/subscription/subscription_plans_screen.dart; lib/models/subscription.dart
SUBSCRIPTION,HUDDL-101,Story,Subscription Checkout Screen,"Handles the purchase flow for paid tiers.","Tier + billing period confirmed; in_app_purchase on mobile (StoreKit/Play Billing); Stripe redirect on web; purchase confirmation.",High,Done,8,subscription;payments,Subscription,lib/screens/subscription/subscription_checkout_screen.dart – SubscriptionCheckoutScreen
SUBSCRIPTION,HUDDL-102,Story,Manage Subscription Screen,"Shows current plan, renewal date, and allows cancellation or upgrade/downgrade.","Current tier displayed; renewal date shown; Cancel/Restore Purchase options; schedule plan change on next renewal.",High,Done,5,subscription;management,Subscription,lib/screens/subscription/manage_subscription_screen.dart – ManageSubscriptionScreen
SUBSCRIPTION,HUDDL-103,Story,Payment Service – iOS/Android IAP + Web Stripe,"Multi-platform payment integration wrapping StoreKit, Google Play Billing, and Stripe.","Mobile: in_app_purchase plugin; Web: Stripe Checkout redirect; product IDs match store; receipt verification; ChangeNotifier for state.",High,Done,8,subscription;payments;stripe;iap,Subscription,"lib/services/payment_service.dart – PaymentService. TODO: Replace placeholder Stripe price IDs (price_neighbour_monthly etc.) before production."
SUBSCRIPTION,HUDDL-104,Story,Subscription Service – Tier Management,"Manages subscription state, tier checks, and upgrade prompts throughout the app.","SubscriptionService.tier getter; isPaid/isInnerCircle booleans; UpgradeBanner/UpgradePrompt widgets shown when feature gated.",High,Done,5,subscription;gating,Subscription,lib/services/subscription_service.dart; lib/widgets/upgrade_prompt.dart – UpgradeBanner
PROFILE,HUDDL-105,Epic,User Profile & Settings,"Profile management, privacy controls, GDPR rights, and account settings.","Profile viewable and editable; settings accessible; GDPR tools functional.",High,Done,21,profile;settings;gdpr,Profile,Delivered – 2 screens + 6 services
PROFILE,HUDDL-106,Story,Profile Screen – View & Edit Profile,"User can view and update their profile (name, bio, photo, postcode).","Profile details displayed; Edit mode with inline editing; photo update via image picker; changes saved to Firestore via HuddlUserService.",High,Done,5,profile,Profile,lib/screens/profile/profile_screen.dart – ProfileScreen; lib/services/huddl_user_service.dart
PROFILE,HUDDL-107,Story,Profile Screen – Notification Preferences,"User controls push notification settings.","Push notification toggle; DM notification toggle; group notification toggle; preferences persisted in pref_* keys.",Medium,Done,3,profile;notifications,Profile,lib/screens/profile/profile_screen.dart notification section; lib/services/backend_api_service.dart FCM token registration
PROFILE,HUDDL-108,Story,Profile Screen – GDPR Rights (View/Export/Delete),"GDPR Article 15/17/20 rights accessible from Profile.","View My Data shows all stored data; Export downloads JSON; Delete Account triggers 30-day deletion process; GdprBoroughDataService used.",High,Done,8,profile;gdpr;privacy,Profile,lib/screens/profile/profile_screen.dart GDPR section; lib/services/gdpr_borough_data_service.dart – Art.6/15/17/20/25
PROFILE,HUDDL-109,Story,Profile Screen – Biometric Lock Toggle,"Enable/disable fingerprint or Face ID lock on Messages tab.","Toggle in Security settings; BiometricAuthService checks device support; preference saved in huddl_biometric_enabled.",Medium,Done,2,profile;security;biometric,Profile,lib/screens/profile/profile_screen.dart security section; lib/services/biometric_auth_service.dart
PROFILE,HUDDL-110,Story,Backup & Restore Screen,"Manual backup and restore of all app data.","Export encrypted JSON backup; re-import from file; backup includes all SharedPreferences keys listed in BackupRestoreService; passwords excluded.",Medium,Done,5,profile;backup,Profile,lib/screens/profile/backup_restore_screen.dart; lib/services/backup_restore_service.dart
PROFILE,HUDDL-111,Story,User Privacy Preferences Service,"Manages granular privacy settings (profile visibility, data sharing).","UserPrivacyPrefsService stores preferences; profile visibility settings (public/borough/private); data sharing opt-in/out.",Medium,Done,3,profile;privacy,Profile,lib/services/user_privacy_prefs_service.dart – UserPrivacyPrefsService
PROFILE,HUDDL-112,Story,Feedback Service,"Users can submit in-app feedback.","FeedbackService.submit() captures feedback text + category; sends to Firestore feedback collection or email via EmailJS.",Medium,Done,2,profile;feedback,Profile,lib/services/feedback_service.dart – FeedbackService
LEGAL,HUDDL-113,Epic,Legal & Compliance Screens,"Terms of Service and Privacy Policy screens with full GDPR compliance language.","ToS and Privacy Policy fully displayed; GDPR article references correct; accessible from onboarding and profile.",High,Done,8,legal;gdpr;compliance,Legal,Delivered
LEGAL,HUDDL-114,Story,Terms of Service Screen,"Full terms of service displayed in-app.","TermsOfServiceScreen renders complete ToS; scrollable; accessible from /terms route; link from onboarding and profile.",High,Done,3,legal,Legal,lib/screens/legal/terms_of_service_screen.dart – TermsOfServiceScreen
LEGAL,HUDDL-115,Story,Privacy Policy Screen with GDPR Notice,"Full privacy policy with GDPR Articles 6/15/16/17/18/20/25 references.","PrivacyPolicyDetailScreen renders full policy; GDPR notice widget at top; all articles cited; ICO information included.",High,Done,5,legal;gdpr,Legal,lib/screens/legal/privacy_policy_detail_screen.dart – PrivacyPolicyDetailScreen; _buildGDPRNotice()
INFRASTRUCTURE,HUDDL-116,Epic,Infrastructure & Cross-Cutting Concerns,"Firebase configuration, routing, theming, storage, analytics, and borough management.","App bootstraps cleanly; routing works; theme consistent; Firebase services connected.",High,Done,21,infra;firebase;theme,Infrastructure,Delivered
INFRASTRUCTURE,HUDDL-117,Story,Firebase Configuration & Multi-Platform Init,"Firebase initialised for both Android and Web platforms.","firebase_options.dart with DefaultFirebaseOptions.currentPlatform; Firebase.initializeApp() called in main(); no 'No Firebase App' errors on web.",High,Done,5,infra;firebase,Infrastructure,lib/config/firebase_options.dart; lib/main.dart
INFRASTRUCTURE,HUDDL-118,Story,App Router (Named Routes),"Central named route mapping for all 37 app routes.","Router.generateRoute() handles all routes listed in router.dart; unknown routes show 404 screen; transitions via FadePageRoute.",High,Done,5,infra;navigation,Infrastructure,lib/config/router.dart – Router; 37 routes defined
INFRASTRUCTURE,HUDDL-119,Story,Huddl Theme System (Colors + Typography),"Consistent brand theme including HuddlColors, HuddlTheme, and HuddlTypography.","HuddlColors palette defined; HuddlTheme applied globally in main.dart; app_typography.dart; light mode only (dark mode intentionally removed).",High,Done,3,infra;theme;ui,Infrastructure,lib/theme/huddl_colors.dart; lib/theme/huddl_theme.dart; lib/theme/app_typography.dart; lib/constants/app_colors.dart
INFRASTRUCTURE,HUDDL-120,Story,Browser Storage (SharedPreferences Wrapper),"Unified cross-platform local storage service wrapping SharedPreferences.","BrowserStorage.getString/setString/remove works on Android and Web; all services use BrowserStorage not direct SharedPreferences.",High,Done,3,infra;storage,Infrastructure,lib/services/browser_storage.dart – BrowserStorage
INFRASTRUCTURE,HUDDL-121,Story,Borough Analytics Service,"Tracks borough-level engagement metrics for AI and admin insights.","BoroughAnalyticsService records interactions per borough; engagement stats feed into AiLearningEngine; BoroughEngagementStats model.",Medium,Done,3,infra;analytics;borough,Infrastructure,lib/services/borough_analytics_service.dart; lib/services/borough_cache_service.dart
INFRASTRUCTURE,HUDDL-122,Story,Backend API Service (FCM + Server),"HTTP client for backend API calls including FCM token registration.","BackendApiService.registerFcmToken() sends token to backend; error handling; retry logic; used by HuddlUserService.",Medium,Done,3,infra;backend;fcm,Infrastructure,lib/services/backend_api_service.dart – BackendApiService
INFRASTRUCTURE,HUDDL-123,Story,Firestore Service – Full CRUD Data Layer,"Comprehensive Firestore wrapper for all app data operations.","Methods for users, groups, messages, DMs, meetups, marketplace, notifications, subscriptions, and community feed; all error-handled.",High,Done,8,infra;firestore;data,Infrastructure,lib/services/firestore_service.dart – FirestoreService; 25+ methods
INFRASTRUCTURE,HUDDL-124,Story,Main Shell – Bottom Navigation with 5 Tabs,"Persistent bottom navigation bar for Home, Groups, Discover, Marketplace, and Profile.","5 tabs render; tab switching preserves state; notification badge on Groups/DMs; MainShell wraps all post-auth screens.",High,Done,5,infra;navigation;ui,Infrastructure,lib/screens/main_shell.dart – MainShell
INFRASTRUCTURE,HUDDL-125,Story,Interactive Tutorial Overlay System,"First-run tutorial highlighting app features with step-by-step overlay.","TutorialService provides ordered steps; TutorialOverlay widget shows target area highlight + tooltip; skip and complete options; tutorial_completed_v1 stored.",Medium,Done,5,infra;tutorial;onboarding,Infrastructure,lib/services/tutorial_service.dart; lib/widgets/tutorial/tutorial_overlay.dart – TutorialOverlay
INFRASTRUCTURE,HUDDL-126,Story,Shared Huddl Widget Library,"Reusable brand-consistent UI components used across the app.","HuddlAvatar, HuddlBadge, HuddlBottomSheetHandle, HuddlChip, HuddlImageCard, HuddlPrimaryButton, HuddlSearchBar, HuddlSectionHeader, HuddlTextField available.",High,Done,8,infra;ui;design-system,Infrastructure,lib/widgets/huddl_widgets.dart; lib/widgets/common/ – 6 common widgets; lib/widgets/ – 12 widget files
INFRASTRUCTURE,HUDDL-127,Story,HuddlEmptyState Shared Widget with Brand Illustrations,"Reusable empty-state widget with 7 illustration constants.","HuddlEmptyState(illustration, title, subtitle, [onAction, actionLabel]) renders 160px illustration; all 4 screens updated (Groups, Events, Marketplace, Home).",Medium,Done,3,infra;ui;branding,Infrastructure,lib/widgets/common/huddl_empty_state.dart – HuddlIllustration (7 constants); commit f7b537a
INFRASTRUCTURE,HUDDL-128,Story,Dynamic Color (Material You) Support,"Android 12+ dynamic colour extraction for adaptive theming.","dynamic_color package integrated; DynamicColorBuilder wraps app; falls back to HuddlTheme on unsupported devices.",Low,Done,2,infra;theme;android,Infrastructure,pubspec.yaml dynamic_color ^1.7.0; lib/main.dart
INFRASTRUCTURE,HUDDL-129,Story,Debug Borough Screen,"Developer screen for testing borough resolution and scope enforcement.","BoroughDebugScreen shows current borough; allows manual override for testing; not shown in production navigation.",Low,Done,2,infra;debug,Infrastructure,lib/screens/debug/borough_debug_screen.dart – BoroughDebugScreen
BUGS,HUDDL-130,Bug,Remove All Hardcoded Dummy Users from Group Chat,"Dummy users (Lucy, Emma, James, Anna, Kate, Sophie) were hardcoded in 5 files.","No hardcoded user names in group_chat_screen, dm_chat_screen, group_members_screen, group_details_screen, groups_screen. Chat starts empty; real Firestore data loads.",High,Done,5,bug;data;cleanup,Groups,"Fixed in commit cecfc1a – 421 lines removed across: group_chat_screen.dart (_generateDemoMessages deleted), message_search_service.dart (_getDemoGroupMessages deleted), group_members_screen.dart (hardcoded list cleared), group_details_screen.dart (name arrays removed), groups_screen.dart (fake lastMessage stripped)"
BUGS,HUDDL-131,Bug,Replace All Empty-State Icons with Brand Illustrations,"Default Material icons used in empty states instead of Huddl brand illustrations.","All 10 empty-state contexts use HuddlEmptyState with correct HuddlIllustration constant; no raw Icon() widgets in empty states.",Medium,Done,3,bug;ui;branding,UI,"Fixed in commit f7b537a – new lib/widgets/common/huddl_empty_state.dart; 5 files updated (groups, events, marketplace, home screens)"
BUGS,HUDDL-132,Bug,OTP Flow Shows 'Account Not Found' for Valid Phone Numbers,"Phone number/password/OTP flow incorrectly shows OTP then reports account not found.","Login flow correctly determines if phone is registered before sending OTP; 'Account not found' only shown after OTP if account genuinely missing; regression tested.",High,In Progress,5,bug;auth;otp,Auth,Identified in conversation history – investigate FirebaseAuthService + OTPService interaction; OTP service is currently client-side (TODO: Twilio/Vonage)
BUGS,HUDDL-133,Bug,Deleted Account Still Shows Main App Instead of Onboarding,"Users who delete their account continue to see the main app instead of being redirected to onboarding.","After account deletion: Firebase auth sign-out triggered; SharedPreferences cleared; app navigates to /onboarding; no residual data displayed.",High,In Progress,5,bug;auth;gdpr;onboarding,Auth,Identified in conversation history – verify deleteAccount flow in profile_screen.dart + firebase_auth_service.dart
NEW,HUDDL-134,Epic,Service Provider Feature – Marketplace Expansion,"Add professional service provider listings to the app (Night Nannies, Nannies, Postnatal Doulas, Sleep Consultants, Lactation Consultants, Private Paediatricians, Nanny Placement, Household Support, Mental Health Therapists, Pregnancy & Birth Professionals).","Service providers can create profiles; parents can discover and contact them; 10 provider categories supported.",High,To Do,55,new;service-provider;marketplace,Marketplace,From Backlog.docx – top 10 service providers listed
NEW,HUDDL-135,Story,Service Provider Onboarding Flow,"Dedicated registration and profile creation flow for service providers.","Service provider selects 'I am a provider' at signup; completes business profile (name, category, description, qualifications, DBS check, photo, service area); profile published to provider directory.",High,To Do,13,new;service-provider;onboarding,Marketplace,"Backlog.docx service provider onboarding motivation: 'appear in a local trusted parent community'; each category has tailored messaging"
NEW,HUDDL-136,Story,Service Provider Category: Night Nannies,"Listing and profile support for Night Nanny services.","Night Nanny providers can list: hourly/nightly rates, newborn specialism, sleep support method, DBS status, travel radius; parents can filter/search Night Nannies in their borough.",High,To Do,5,new;service-provider;night-nanny,Marketplace,Backlog.docx – Service: Night Nanny support; App positioning: vetted local night nannies trusted by local parents
NEW,HUDDL-137,Story,Service Provider Category: Nannies (Full/Part-time),"Listing and profile support for Nanny services.","Nanny profiles include availability (full/part/ad-hoc), age range experience, live-in/live-out, rate, references; Ofsted registration shown.",High,To Do,5,new;service-provider;nanny,Marketplace,Backlog.docx – Service: Nanny placement
NEW,HUDDL-138,Story,Service Provider Category: Postnatal Doulas,"Listing and profile support for Postnatal Doula services.","Doula profiles include: postnatal support type, breastfeeding support, home visits, qualifications, rates; search by borough.",High,To Do,5,new;service-provider;doula,Marketplace,Backlog.docx – Service: Postnatal Doula
NEW,HUDDL-139,Story,Service Provider Category: Sleep Consultants,"Listing and profile support for Baby/Child Sleep Consultants.","Sleep consultant profiles include: age range, methods offered (e.g. gentle, CIO), online vs in-home, qualifications, testimonials.",High,To Do,5,new;service-provider;sleep,Marketplace,Backlog.docx – Service: Sleep Consultant
NEW,HUDDL-140,Story,Service Provider Category: Lactation Consultants / IBCLCs,"Listing and profile support for Lactation Consultants.","Profile includes: IBCLC qualification status, in-home/clinic/online, NHS vs private, rates; mothers can message directly.",High,To Do,5,new;service-provider;lactation,Marketplace,Backlog.docx – Service: Lactation Consultant
NEW,HUDDL-141,Story,Service Provider Category: Private Paediatricians,"Listing and profile support for Private Paediatricians.","Profile includes: GMC number, specialisms, clinic locations, NHS vs private, booking link; DBS shown.",High,To Do,5,new;service-provider;paediatrician,Marketplace,Backlog.docx – Service: Private Paediatrician
NEW,HUDDL-142,Story,Service Provider Category: Nanny Placement Agencies,"Listing and profile support for Nanny Placement Agencies.","Agency profiles include: service area, vetting process, types of nannies placed, fees structure; contact/referral flow.",Medium,To Do,3,new;service-provider;agency,Marketplace,Backlog.docx – Service: Nanny Placement Agency
NEW,HUDDL-143,Story,Service Provider Category: Household Support (Cleaners/Au Pairs),"Listing and profile support for Household Support services.","Profile includes: service type (cleaning, au pair, cook), availability, rates, references; borough-scoped listings.",Medium,To Do,3,new;service-provider;household,Marketplace,Backlog.docx – Service: Household Support
NEW,HUDDL-144,Story,Service Provider Category: Mental Health Therapists (Perinatal),"Listing and profile support for Perinatal Mental Health Therapists.","Profile includes: BACP/UKCP registration, specialisms (PND, PNA, birth trauma), in-person/online, rates; safeguarding info.",High,To Do,5,new;service-provider;mental-health,Marketplace,Backlog.docx – Service: Mental Health Therapist (perinatal)
NEW,HUDDL-145,Story,Service Provider Category: Pregnancy & Birth Professionals,"Listing and profile support for midwives, birth doulas, antenatal teachers.","Profile includes: qualification/registration, services offered, birth preferences support, home/hospital/midwife-led unit.",High,To Do,5,new;service-provider;pregnancy,Marketplace,Backlog.docx – Service: Pregnancy & Birth professionals
NEW,HUDDL-146,Story,Service Provider Review & Trust System,"Parents can leave verified reviews for service providers.","Star rating (1-5); written review; 'Verified Parent' badge on reviews; provider can respond; aggregated rating shown on listing.",High,To Do,8,new;service-provider;reviews;trust,Marketplace,Derived from Backlog.docx trust/safety context
NEW,HUDDL-147,Story,Service Provider Messaging / Enquiry Flow,"Parents can send enquiries directly to service providers.","Message button on provider profile; opens DM or dedicated enquiry thread; provider receives push notification; enquiry tracked.",High,To Do,8,new;service-provider;messaging,Marketplace,Derived from Backlog.docx onboarding motivation for providers
NEW,HUDDL-148,Story,Service Provider Admin Dashboard,"Providers can manage their listing, view enquiries, and update availability.","Provider dashboard accessible post-login; edit profile; manage incoming messages; update availability calendar; subscription tier for premium visibility.",Medium,To Do,8,new;service-provider;admin,Marketplace,Derived from Backlog.docx provider positioning
NEW,HUDDL-149,Epic,Website SEO & Performance Improvements,"Marketing website improvements for organic search, content depth, and page performance.","Website passes Core Web Vitals; blog/FAQ/local pages published; backlinks strategy implemented.",High,To Do,34,new;website;seo;marketing,Website,From Backlog.docx – SEO and performance section
NEW,HUDDL-150,Story,SEO Backlinks Acquisition Strategy,"Build domain authority through quality backlink programme.","Identify 20+ relevant parent/family sites for outreach; submit to 5+ parenting directories; guest post on 3+ relevant blogs; track DA score.",High,To Do,8,new;website;seo;backlinks,Website,Backlog.docx – SEO task: backlinks
NEW,HUDDL-151,Story,Blog / Content Marketing Section,"Launch a blog covering parenting topics relevant to Huddl's audience.","Blog section live on website; minimum 10 launch articles covering: sleep training, local activities, baby gear, postnatal support; SEO-optimised; internal linking to app download.",High,To Do,8,new;website;content;seo,Website,Backlog.docx – Content depth: blog
NEW,HUDDL-152,Story,Local Area Landing Pages (Borough SEO),"Create dedicated landing pages for each supported borough.","One landing page per borough (e.g. /cambridge, /south-cambridgeshire); unique content per page; local schema markup; 'Join Huddl in [Borough]' CTA.",High,To Do,8,new;website;seo;local,Website,Backlog.docx – Content depth: local pages
NEW,HUDDL-153,Story,FAQ Page,"Comprehensive FAQ covering app features, safety, subscriptions, and data.","FAQ page live; covers: How does Huddl work, Is it safe, How is my data used, How to cancel subscription, How to report a user; schema markup.",Medium,To Do,3,new;website;faq;seo,Website,Backlog.docx – Content depth: FAQ
NEW,HUDDL-154,Story,About / Team Page,"Company story and founding team page.","About page with mission statement, founder story, team photos/bios; trust signals (press mentions, user stats); link from home page.",Medium,To Do,3,new;website;branding,Website,Backlog.docx – Content depth: about page
NEW,HUDDL-155,Story,Safety & Trust Page,"Dedicated page explaining Huddl's safety measures and moderation approach.","Safety page covers: content moderation, reporting process, DBS check policy for providers, borough verification, data protection.",High,To Do,5,new;website;safety;trust,Website,Backlog.docx – Content depth: safety page
NEW,HUDDL-156,Story,Parenting Glossary / Resource Hub,"A-Z glossary of parenting terms and resource links.","Glossary with 50+ terms (NICU, IBCLC, HV, PND, etc.); each term links to relevant app feature or content; SEO long-tail value.",Low,To Do,5,new;website;content;seo,Website,Backlog.docx – Content depth: glossary
NEW,HUDDL-157,Story,Website Font Self-Hosting (Performance),"Move Google Fonts to self-hosted to improve page load speed.","Fonts served from own domain (no Google Fonts CDN); reduces external DNS lookup; LCP improvement measurable in PageSpeed Insights.",Medium,To Do,2,new;website;performance,Website,Backlog.docx – Page speed: font hosting
NEW,HUDDL-158,Story,Image Preloading / WebP Conversion (Performance),"Convert all website images to WebP and add preload hints for hero images.","All images served as WebP; hero image has <link rel=preload>; image file sizes reduced by ≥40%; CLS score improved.",Medium,To Do,3,new;website;performance,Website,Backlog.docx – Page speed: image preloading + WebP
NEW,HUDDL-159,Story,Lazy Load Non-Critical Website Assets,"Defer loading of below-fold images and scripts.","Images below fold use loading='lazy'; third-party scripts deferred; TBT score improved; no impact on above-fold content.",Medium,To Do,2,new;website;performance,Website,Backlog.docx – Page speed: lazy-load
NEW,HUDDL-160,Story,Code Splitting / Bundle Optimisation (Website),"Reduce initial JS bundle size via code splitting.","Route-based code splitting implemented; unused CSS/JS eliminated (Tailwind purge); initial bundle <100KB gzipped; FCP improved.",Medium,To Do,3,new;website;performance,Website,Backlog.docx – Page speed: code-splitting; Tailwind purge
NEW,HUDDL-161,Story,Preconnect DNS for Third-Party Resources (Website),"Add preconnect hints for Firebase, Google Analytics, and CDN origins.","<link rel=preconnect> added for all third-party origins used above fold; reduces DNS resolution time; TTFB improved.",Low,To Do,1,new;website;performance,Website,Backlog.docx – Page speed: preconnect
NEW,HUDDL-162,Epic,Legal & Compliance Operational Actions,"Business compliance tasks required for UK GDPR, ICO registration, DPAs, and data governance.","All 12 compliance checklist items actioned; ICO registered; DPAs in place with all processors; deletion process documented.",High,To Do,34,new;legal;gdpr;compliance,Legal,From Backlog.docx – compliance checklist (12 items)
NEW,HUDDL-163,Story,ICO Registration (UK Data Controller),"Register as a Data Controller with the Information Commissioner's Office.","ICO registration completed; registration number obtained; displayed in Privacy Policy and app footer; annual renewal reminder set.",High,To Do,2,new;legal;ico;gdpr,Legal,Backlog.docx – compliance item 1: ICO registration
NEW,HUDDL-164,Story,Data Processing Agreements (DPAs) with All Processors,"Execute DPAs with Firebase/Google, Stripe, Twilio/Vonage, RevGlue, EmailJS, and any other data processors.","DPA signed with each processor; UK IDTA or EU SCC addendum where applicable (for non-UK processors); DPA register maintained.",High,To Do,5,new;legal;dpa;gdpr,Legal,"Backlog.docx – compliance items 2-3: DPAs + UK IDTA/EU SCCs. Processors: Firebase, Stripe, Twilio, RevGlue, EmailJS"
NEW,HUDDL-165,Story,Google Analytics 4 Decision & PECR Compliance,"Decide whether to use GA4 or a privacy-first alternative; implement with PECR-compliant consent.","Decision documented; if GA4 used: consent banner implemented; if alternative (Plausible/Fathom): deployed and verified; no tracking without consent.",Medium,To Do,3,new;legal;analytics;pecr,Legal,Backlog.docx – compliance item 4: GA4 decision
NEW,HUDDL-166,Story,Subject Access Request (SAR) Inbox Workflow,"Create a documented process for handling Subject Access Requests.","Dedicated SAR email address created; 30-day response SLA documented; response template prepared; received SARs logged in tracker.",High,To Do,2,new;legal;sar;gdpr,Legal,Backlog.docx – compliance item 5: SAR inbox workflow
NEW,HUDDL-167,Story,30-Day Account & Data Deletion Process,"Implement and document the process for deleting user accounts and data within 30 days.","Automated deletion job runs within 30 days of request; covers Firestore, Firebase Storage, Firebase Auth, SharedPreferences backup; deletion confirmed to user; audit log created.",High,To Do,8,new;legal;deletion;gdpr,Legal,"Backlog.docx – compliance item 6: 30-day deletion. Privacy Policy already states '30 days' – ensure technical implementation matches"
NEW,HUDDL-168,Story,6-Year Data Retention Policy Implementation,"Ensure data required for legal/tax purposes is retained for 6 years; all other data deleted on schedule.","Retention schedule documented; automated cleanup for data beyond retention period; subscription/payment records kept 6 years; user content deleted on account deletion.",Medium,To Do,3,new;legal;retention;gdpr,Legal,Backlog.docx – compliance item 7: 6-year retention
NEW,HUDDL-169,Story,Data Protection Officer (DPO) / Privacy Monitoring Setup,"Designate DPO contact and establish ongoing privacy monitoring.","DPO contact designated (internal or external); privacy@huddl.co.uk or equivalent created; monitoring schedule set for privacy law changes.",Medium,To Do,2,new;legal;dpo;gdpr,Legal,Backlog.docx – compliance item 8: DPO monitoring
NEW,HUDDL-170,Story,Business Insurance (Cyber / Public Liability / PI),"Obtain appropriate business insurance covering cyber liability, public liability, and professional indemnity.","Quotes obtained from minimum 3 providers; cyber liability policy in place; public liability and professional indemnity assessed; policy documents filed.",Medium,To Do,2,new;legal;insurance,Legal,Backlog.docx – compliance item 9: insurance quotes
NEW,HUDDL-171,Story,Mandatory Reporting Workflow (Safeguarding),"Document and implement mandatory safeguarding reporting workflow for child safety concerns.","Workflow documented: what triggers a report, to whom (police/LADO/DSARS), timeline, record-keeping; in-app reporting mechanism links to workflow.",High,To Do,5,new;legal;safeguarding;safety,Legal,Backlog.docx – compliance item 10: mandatory reporting workflow
NEW,HUDDL-172,Story,Annual Security Audit Schedule,"Establish annual penetration testing and security audit programme.","First security audit scheduled; scope includes API endpoints, Firebase rules, authentication flows, data storage; findings tracked to remediation.",High,To Do,3,new;legal;security;audit,Legal,Backlog.docx – compliance item 11: annual security audit
NEW,HUDDL-173,Story,Content Moderation Tooling Implementation,"Implement tooling for moderating user-generated content in groups and marketplace.","Moderation dashboard or integration (e.g. Perspective API, manual review queue) deployed; reported content workflow: report → review → action (remove/warn/ban) within 24h SLA.",High,To Do,8,new;legal;moderation;safety,Legal,Backlog.docx – compliance item 12: moderation tooling
NEW,HUDDL-174,Epic,Documentation & Planning Artefacts,"Create foundational product and technical documentation.","All specified documents authored and stored in version-controlled repository accessible to team.",Medium,To Do,21,new;documentation;planning,Docs,From Backlog.docx – documents to create
NEW,HUDDL-175,Story,Technical Pseudo-Code / Architecture Document,"Document the high-level technical architecture and key algorithm pseudo-code for the app.","Architecture diagram (layers: UI / Services / Firebase / AI); pseudo-code for: AI pipeline Steps 1-14, OTP flow, borough resolution, subscription gating, data deletion; stored in repo /docs.",Medium,To Do,8,new;documentation;architecture,Docs,Backlog.docx – documents: pseudo-code
NEW,HUDDL-176,Story,Account & Credentials Document,"Secure document listing all service accounts, API keys, and credentials.","Document lists: Firebase project ID, Gemini API keys, Stripe account, Apple/Google developer accounts, RevGlue, EmailJS, ICO registration; stored in password manager NOT in repo.",High,To Do,2,new;documentation;security;credentials,Docs,"Backlog.docx – documents: account details. WARNING: Never commit to git"
NEW,HUDDL-177,Story,AI Design & Pipeline Documentation,"Comprehensive documentation of the 14-step AI Parent Concierge system.","Document covers: Steps 1-14 with inputs/outputs/dependencies; Gemini prompt templates; learning engine signal types; knowledge base data sources (NHS, Netmums, Dadsnet, HappySteps); borough AI context.",High,To Do,8,new;documentation;ai,Docs,Backlog.docx – documents: AI design; maps to services: ai_knowledge_base_service through daily_ai_refresh_service
NEW,HUDDL-178,Story,Go-to-Market Strategy Document,"GTM strategy for Huddl Connect launch.","Document covers: target market, launch boroughs, marketing channels, referral/viral loop, service provider acquisition strategy, growth metrics, competitive positioning vs Nextdoor/Facebook Groups.",High,To Do,5,new;documentation;gtm;strategy,Docs,Backlog.docx – documents: go-to-market
NEW,HUDDL-179,Story,Investor Pitch Deck,"Slide deck for seed/pre-seed fundraising.","Deck covers: problem, solution, market size (UK parents 700K births/year), traction, product demo slides, AI differentiation, business model (freemium + service provider), team, ask.",High,To Do,5,new;documentation;pitch;fundraising,Docs,Backlog.docx – documents: pitch deck
NEW,HUDDL-180,Story,User Personas Document,"Formal user persona definitions for product and marketing use.","Minimum 4 personas created (expecting parent, new parent 0-12m, toddler parent, service provider); each includes: demographics, goals, pain points, app usage patterns, emotional arc; aligned with JourneyMapScreen data.",Medium,To Do,3,new;documentation;ux;personas,Docs,Backlog.docx – documents: personas; align with lib/models/user_journey_map.dart existing data
NEW,HUDDL-181,Story,Use Case Document,"Detailed use-case specifications for all major app flows.","Use cases cover: user registration, group chat, marketplace listing, service provider enquiry, AI copilot session, subscription upgrade, account deletion; format: actor / precondition / main flow / alt flows / postcondition.",Medium,To Do,5,new;documentation;ux;use-cases,Docs,Backlog.docx – documents: use-case
NEW,HUDDL-182,Story,Real SMS OTP Integration (Twilio or Vonage),"Replace client-side OTP generation with real SMS delivery via Twilio or Vonage.","OTPService.sendOTP() calls Twilio/Vonage API to deliver SMS; OTP generated server-side (Firebase Cloud Function); 5-minute expiry; max 3 attempts enforced server-side.",High,To Do,8,new;auth;otp;sms,Auth,"TODO in lib/services/otp_service.dart line 38 – replace with real SMS API. Required for production launch. Options: Twilio Verify, Vonage Verify"
NEW,HUDDL-183,Story,Production Stripe Price IDs Configuration,"Replace placeholder Stripe price IDs with real production price IDs.","Stripe products created in Stripe Dashboard; price IDs for huddl_neighbour_monthly/annual and huddl_circle_monthly/annual configured in payment_service.dart; webhook endpoint for subscription events set up.",High,To Do,3,new;payments;stripe;production,Subscription,"TODO in lib/services/payment_service.dart lines 171-174 – replace placeholder price_neighbour_monthly etc. with real Stripe Price IDs"
NEW,HUDDL-184,Story,App Store Connect & Google Play Console Setup,"Configure app listings on both stores for production release.","Apple App Store Connect: app created, screenshots uploaded, metadata, privacy nutrition label, TestFlight build; Google Play Console: app created, store listing, signed APK/AAB uploaded.",High,To Do,13,new;release;appstore;playstore,Release,Required before public launch
NEW,HUDDL-185,Story,Firebase Push Notifications – Full Implementation,"Complete FCM push notification delivery for group messages, DMs, events, and announcements.","FCM token registered via BackendApiService; Cloud Function triggers on new Firestore messages; push delivered to device; deep link opens correct screen.",High,To Do,8,new;notifications;fcm;firebase,Infrastructure,"backend_api_service.dart has FCM token registration – requires Firebase Cloud Functions and server-side trigger implementation"
NEW,HUDDL-186,Story,Content Reporting Feature (In-App),"Users can report inappropriate messages, listings, or profiles.","Report button on messages, listings, and profiles; ReportService captures: reporter ID, reported item ID, category, description; Firestore reports collection; admin notified.",High,To Do,5,new;safety;moderation;reporting,Groups,Critical for App Store approval and safeguarding compliance
NEW,HUDDL-187,Story,Admin / Moderation Dashboard (Internal Tool),"Internal web dashboard for moderating reported content and managing users.","Dashboard shows: reported items with context; approve/remove/warn/ban actions; ban list management; borough analytics overview; subscription stats.",High,To Do,13,new;admin;moderation;internal,Infrastructure,Required for compliance item 12 (moderation tooling from Backlog.docx)
NEW,HUDDL-188,Story,Service Provider DBS Check Verification Flow,"Verify DBS certificate numbers for service provider listings.","DBS check field in provider onboarding; manual verification step (team reviews certificate); verified badge shown on listing; periodic re-check reminder at 12 months.",High,To Do,8,new;service-provider;safety;trust,Marketplace,Critical for parent trust in service provider feature
NEW,HUDDL-189,Story,Regression Testing Suite – Remove Dummy Data Verification,"Full QA regression pass to confirm all dummy/test data is removed and all flows behave correctly.","No hardcoded names (Lucy, Emma, James, Anna, Kate, Sophie) in any screen; group chat starts empty for new groups; DMs load real contacts only; search returns only real messages.",High,In Progress,5,bug;testing;regression,QA,"In-progress per conversation history. Files to verify: group_chat_screen.dart, groups_screen.dart, dm_chat_screen.dart, group_members_screen.dart, events/event_detail_screen.dart"
NEW,HUDDL-190,Story,RevGlue Affiliate Integration – Offers/Deals Section,"Integrate RevGlue affiliate API to power real deals and cashback offers for parents.","RevGlue API connected; AiOffersService.fetchDeals() returns real offers; offers filtered by relevance (child age, interests); click-through tracking; affiliate disclosure shown.",Medium,To Do,5,new;marketplace;offers;affiliate,Marketplace,lib/services/revglue_service.dart – RevGlueService already scaffolded; requires live API credentials
NEW,HUDDL-191,Story,Offers Screen (Dedicated Tab),"Dedicated screen or tab for deals, coupons, and affiliate offers.","Offers accessible from main navigation or Marketplace tab; deals displayed by category; AI-ranked by child age relevance; RevGlue powered; affiliate disclosure prominent.",Medium,To Do,5,new;marketplace;offers,Marketplace,lib/screens/offers/ directory exists but is empty – needs implementation
NEW,HUDDL-192,Story,Borough Migration Service – User Borough Update Flow,"Allow users to update their borough if they move location.","BoroughMigrationService handles postcode change: updates user Firestore profile; re-scopes all borough data; removes old borough cache; joins new borough default groups.",Medium,To Do,5,new;borough;profile;gdpr,Profile,lib/utils/borough_migration_service.dart – BoroughMigrationService exists; needs full UI integration in profile_screen.dart
NEW,HUDDL-193,Story,Gemini API Key Management & Rate Limiting in Production,"Ensure Gemini API keys are securely managed and rate limits handled gracefully.","Gemini API key stored in Firebase Remote Config (not hardcoded); rate limit (429) handled with user-friendly message; daily request budget tracked per user tier.",High,To Do,5,new;ai;security;production,AI,lib/config/gemini_config.dart currently configured; review for production hardening
NEW,HUDDL-194,Story,iOS SIGTRAP Crash Fix Verification Post Firebase Upgrade,"Verify Firebase iOS SDK version lock before upgrading any Firebase packages.","Before any firebase_core upgrade above 3.1.0: test on iOS 18 device for verifyPhoneNumber SIGTRAP; only upgrade when FirebaseAuth 11.x confirms fix.",High,To Do,2,new;ios;firebase;crash,Infrastructure,"CRITICAL comment in pubspec.yaml: 'DO NOT upgrade any of these without verifying the iOS pod version first.' firebase_auth 5.1.0 + firebase_core 3.1.0 = Firebase iOS SDK 10.27.0"
